prompt,completion
write me an instagram caption with emoji on: fast food,Whatever is good for your soul, do that
write me an instagram caption with emoji on: sea,Whatever is good for your soul, do that"
"write me an instagram caption with emoji on: food, fast food",late nite snack
"write me an instagram caption with emoji on: baby, woman,Even the stars were jealous of the sparkle in her eyes
"write me an instagram caption with emoji on: sea, Alcohol, wine,Stress less and enjoy the best
"write me an instagram caption with emoji on: trip, view,Get out there and live a little
write me an instagram caption with emoji on:smile,Life is better when youâ€™re laughing
"write me an instagram caption with emoji on:selfie, smile,Look for the magic in every moment
"write me an instagram caption with emoji on:Alcohol, wine,Vodka may not be the answer but itâ€™s worth a shot
write me an instagram caption with emoji on: smile,A sass a day keeps the basics away
"write me an instagram caption with emoji on:selfie, smile","Me, myself and I
write me an instagram caption with emoji on:selfie,But first, let me take a selfie
write me an instagram caption with emoji on: selfie,I was born to shine
"write me an instagram caption with emoji on: woman, selfie",I woke up like this
"write me an instagram caption with emoji on: engagement, couple",Couldnâ€™t be happier ğŸ™‚
"write me an instagram caption with emoji on: sea, bikini, hug",Sandy toes and salty kisses ğŸ’‹
write me an instagram caption with emoji on: selfie,Be heroes of your own stories
"write me an instagram caption with emoji on: work, jym",Work hard then work harder
write me an instagram caption with emoji on: ring,ğŸ’âœ¨
write me an instagram caption with emoji on: engagement,she said yes!!
write me an instagram caption with emoji on: bikini,sun bum
"write me an instagram caption with emoji on: nails, view,Perfection ğŸ’•
write me an instagram caption with emoji on: sea,ğŸŒŠ
"write me an instagram caption with emoji on: birthday, balloons","It was a special year for me. I am so grateful for everything Iâ€™ve been through, Iâ€™m thankful for my audience and my family. Super excited for whatâ€™s going to come this year. â™¥ï¸"
"write me an instagram caption with emoji on: sea,swim suit, bikini",Summer vibessss â˜€ï¸
"write me an instagram caption with emoji on:fast food,burger",INCREDIBLE!!! ğŸ™ŒğŸ¼ğŸ”â¤ï¸
"write me an instagram caption with emoji on: dog, baby, couple",Officially addicted.
write me an instagram caption with emoji on: pasta, ğŸ‡®ğŸ‡¹ yummm
"write me an instagram caption with emoji on: boy, girl",ğŸ¤ğŸ¦‹ğŸŒ…
write me an instagram caption with emoji on: house,my dream house ğŸŒˆ
"write me an instagram caption with emoji on: 'couple','hug', 'smile','selfie'",Enjoy your weekend!! â¤
write me an instagram caption with emoji on:cocktail,cocktail anyone?
write me an instagram caption with emoji on:cocktail,Let's cheer up with a class of tequila on this weekendâ¤ï¸
"write me an instagram caption with emoji on:selfie, smile",Be heroes of your own stories
"write me an instagram caption with emoji on: gym, office",Work hard then work harder
"write me an instagram caption with emoji on: gym, office",Hustlinâ€™
write me an instagram caption with emoji on: selfie,The impossible is now possible
"write me an instagram caption with emoji on:smile, selfie",When daydreams become reality
write me an instagram caption with emoji on:work,Pursue your passion and youâ€™ll never work a day in your life
